word_or_phrase,category,notes
tapestry,abstract_noun,"metaphorical use; 'tapestry of X'"
landscape,abstract_noun,"metaphorical; 'landscape of grief' etc."
realm,abstract_noun,"'the realm of' constructions"
tableau,abstract_noun,"reaches for painterly effect"
mosaic,abstract_noun,"metaphorical"
fabric,abstract_noun,"'fabric of' constructions"
testament,abstract_noun,"'testament to'"
symphony,abstract_noun,"metaphorical"
cacophony,abstract_noun,"overused for mixed sounds"
chorus,abstract_noun,"metaphorical"
kaleidoscope,abstract_noun,"metaphorical"
patchwork,abstract_noun,"metaphorical"
ache,abstract_noun,"'a dull ache,' 'the ache of'"
burden,abstract_noun,"'the burden of'"
shadow,abstract_noun,"metaphorical; 'shadow of doubt'"
truth,abstract_noun,"'the truth was' closure"
memory,abstract_noun,"'the memory of' filler"
darkness,abstract_noun,"metaphorical"
light,abstract_noun,"metaphorical"
bond,abstract_noun,"overused relational"
connection,abstract_noun,"overused"
belonging,abstract_noun,"abstract emotion"
presence,abstract_noun,"'a presence' filler"
air (of),abstract_noun,"'an air of melancholy'"
aura,abstract_noun,"overused atmosphere"
stillness,abstract_noun,"overused"
silence (as subject),abstract_noun,"'the silence stretched,' 'the silence held'"
moment,abstract_noun,"'in that moment,' 'the moment hung'"
breath,abstract_noun,"'held her breath' cliche"
heart,abstract_noun,"'her heart' as seat of emotion"
soul,abstract_noun,"overused"
spirit,abstract_noun,"overused"
wonder,emotion_noun,"named abstract emotion"
curiosity,emotion_noun,"named abstract emotion"
caution,emotion_noun,"named abstract emotion"
hope,emotion_noun,"named abstract emotion"
nostalgia,emotion_noun,"named abstract emotion"
gratitude,emotion_noun,"named abstract emotion"
resolve,emotion_noun,"named abstract emotion"
empathy,emotion_noun,"named abstract emotion"
protection,emotion_noun,"named abstract emotion"
longing,emotion_noun,"named abstract emotion"
yearning,emotion_noun,"named abstract emotion"
dance,metaphor_verb,"'a dance of,' 'danced across'"
weave,metaphor_verb,"'wove together,' 'weaving through'"
navigate,metaphor_verb,"'navigate emotions,' 'navigate change'"
unfold,metaphor_verb,"'unfolded before her'"
whisper,metaphor_verb,"wind/leaves/silence whispering"
echo,metaphor_verb,"'echoed in the silence'"
shimmer,metaphor_verb,"overused for light/emotion"
ripple,metaphor_verb,"'rippled through the crowd'"
cascade,metaphor_verb,"'cascaded down'"
delve,metaphor_verb,"'delve into'"
embark,metaphor_verb,"'embark on'"
foster,metaphor_verb,"'foster a sense of'"
underscore,metaphor_verb,"'underscored by'"
align,metaphor_verb,"'aligned with,' 'aligning'"
showcase,metaphor_verb,"'showcases,' 'showcasing'"
surpass,metaphor_verb,"'surpassing,' 'surpasses'"
garner,metaphor_verb,"'garnered'"
remarked,dialogue_tag,"inflated said"
murmured,dialogue_tag,"inflated said"
whispered,dialogue_tag,"overused tag"
breathed,dialogue_tag,"'she breathed' as tag"
sighed,dialogue_tag,"'he sighed' as tag"
testament to,phrase,"closure construction"
speaks to,phrase,"'which speaks to' abstract"
serves as,phrase,"'serves as a reminder'"
in the end,phrase,"summary framing"
at its core,phrase,"essayistic closure"
at the heart of,phrase,"abstract framing"
in a world where,phrase,"opening frame"
the essence of,phrase,"abstract"
a reminder that,phrase,"explicit moralizing"
a sense of,phrase,"abstract emotion"
weight of,phrase,"'weight of history,' 'weight of silence'"
the power of,phrase,"abstract framing"
palpable,adjective,"overused for atmosphere"
profound,adjective,"inflated register"
poignant,adjective,"tells reader what to feel"
bittersweet,adjective,"tells reader what to feel"
visceral,adjective,"overused"
haunting,adjective,"inflated"
evocative,adjective,"tells reader it's evocative"
understated,adjective,"self-congratulatory"
intricate,adjective,"filler"
delicate,adjective,"overused"
nuanced,adjective,"self-congratulatory"
quiet (before noun),adjective,"'quiet dignity,' 'quiet desperation'"
silent,adjective,"'silent understanding' etc."
unspoken,adjective,"'unspoken agreement'"
indelible,adjective,"inflated"
ineffable,adjective,"inflated"
timeless,adjective,"filler"
ever-present,adjective,"filler"
gentle,adjective,"overused softener"
soft,adjective,"overused softener"
meticulous,adjective,"inflated register"
strategic,adjective,"corporate register"
transformative,adjective,"inflated"
vibrant,adjective,"overused"
fragile,adjective,"overused"
warmly,adverb,"dialogue tag inflation"
gently,adverb,"dialogue tag inflation"
softly,adverb,"dialogue tag inflation"
quietly,adverb,"dialogue tag inflation"
tenderly,adverb,"dialogue tag inflation"
wistfully,adverb,"tells reader emotion"
knowingly,adverb,"tells reader emotion"
understandingly,adverb,"tells reader emotion"
sympathetically,adverb,"tells reader emotion"
meaningfully,adverb,"tells reader emotion"
pointedly,adverb,"tells reader emotion"
strategically,adverb,"corporate register"
furthermore,transition,"essayistic"
moreover,transition,"essayistic"
indeed,transition,"essayistic"
consequently,transition,"essayistic"
nevertheless,transition,"essayistic"
ultimately,transition,"summary framing"
in essence,transition,"essayistic"
in other words,transition,"essayistic"
that said,transition,"essayistic"
journey,metaphor_noun,"metaphorical journey"
path,metaphor_noun,"'her path,' metaphorical"
chapter,metaphor_noun,"'new chapter of her life'"
deep (adverb),intensifier,"'deep within,' 'deeply felt'"
truly,intensifier,"filler"
utterly,intensifier,"filler"
entirely,intensifier,"filler"
completely,intensifier,"filler"
simply,intensifier,"filler"
just (as filler),intensifier,"'just knew,' 'just stood there'"
rather,intensifier,"filler hedge"
somehow,intensifier,"filler vagueness"
barely,intensifier,"overused"
as if to say,construction,"attributes meaning to gesture"
as though,construction,"overused simile frame"
as if ___,construction,"overused simile frame"
with a mixture of,construction,"hedge for emotion"
a flicker of,construction,"'a flicker of' emotion"
a pang of,construction,"'a pang of' emotion"
a hint of,construction,"hedge"
a trace of,construction,"hedge"
a ghost of,construction,"'ghost of a smile'"
the faintest,construction,"'the faintest trace/hint'"
not quite,construction,"hedge"
something like,construction,"hedge for emotion"
a mix of ___ and ___,construction,"emotion hedge"
a blend of ___ and ___,construction,"emotion hedge"
torn between ___ and ___,construction,"binary emotion framing"
not just ___ but ___,construction,"oppositional/balance construction"
in that moment,construction,"summary framing"
for a long moment,construction,"time-dilation filler"
couldn't help but,construction,"essayistic closure in verb form"
something shifted,construction,"vague interior event"
something inside him,construction,"'something inside her/him' vague interior"
a silence fell between them,construction,"cliche scene beat"
